AJSQ9H6I2SI8,{53: 5}
AU87N4ABUD5X4,{118: 5}
A14NXULTNR1SBC,"{202: 2, 17958: 5, 22952: 5, 26369: 5, 41560: 5, 54146: 3}"
A3380Y6GYG1ZWA,{320: 3}
A2E67G5GVDA33O,{342: 4}
AQZGUBM6I5PM5,{443: 5}
A1WBU1AM4ZKHTF,"{454: 1, 15083: 5, 46934: 5, 49313: 5, 67858: 5}"
APPWTYYPRWAEI,"{598: 5, 46133: 5}"
A2AH54MU19DB1,"{601: 5, 7688: 3}"
A3QOJG0I8UMA4R,"{603: 5, 33470: 5}"
A3AYWVIYE645P5,{626: 5}
A3UJAO7R29KGBZ,{699: 5}
ATAHPC4N9UPS3,{1003: 1}
AI0OHVDE6ELQX,{1022: 4}
A2NMQWBDWT3SQF,{1061: 3}
A1V3OMDFOLBMAU,{1082: 1}
A13WA2XMCWDBH9,{1084: 5}
A1GVD9AL01B5VC,"{1153: 5, 11836: 5}"
AN1KA06TSF7N3,{1166: 5}
A2IGXMXEJUBPMY,{1291: 1}
A475N7G1A1EIP,{1301: 4}
A1I3Q3NCGFZI4N,{1456: 5}
A2RGX7RF7JH9K9,{1509: 4}
A3JHANIC9JQVF5,{1632: 5}
A1QDI6KYB8O3WR,{1632: 5}
A3KME22YS4F8X7,"{1632: 5, 12998: 4, 29843: 4, 49674: 4}"
A37OLD09U3W17Y,"{1634: 5, 46289: 5, 67007: 5}"
ASFZJCX5XTOXJ,{1690: 5}
A1ZZEPQMMYRSJT,{1705: 4}
A1ZDPR6O8M9DI8,{1713: 4}
A1HKBHTS7AS1A2,"{1751: 1, 6466: 4}"
A2G95NI0JSI7Q9,{1763: 5}
A3NFZ2Q4MCEFV8,"{1890: 1, 61506: 5}"
A3PXUMMO9ZWGHE,{2057: 5}
AWQ18EKZT6HIA,{2073: 5}
A3EVEF4YZBW6WZ,{2083: 4}
A2GAG5JYMC1NC,{2085: 4}
A2ZLDF26921IWB,{2151: 2}
A1Z4XU9LRWVX06,{2333: 2}
A1VJ6VUK2IOSL9,"{2333: 3, 62414: 4}"
A1GI4FAE3HOKOD,{2393: 2}
A2FTZJN575CQYQ,{2454: 1}
A15NXYHOE0O4T9,"{2483: 4, 13392: 5, 15533: 5, 30188: 4, 30736: 4, 35173: 5, 40550: 2, 52038: 5, 53296: 5}"
A27TTRDBOV73JE,{2570: 1}
A1TFSNYYAJF4T0,"{2625: 5, 17071: 5, 45189: 5, 51989: 5, 55029: 4, 60015: 3, 64542: 2}"
AT7GG73OU45DZ,{2671: 3}
AKHR2TEXRPTQ,{2832: 5}
A2S40XVDY5AGAP,{3058: 1}
ADSL9QVBI9GTU,"{3149: 4, 47082: 2, 57137: 4}"
AE3QIMULKNMWT,{3166: 5}
A2NLO6O80A4QE8,{3170: 3}
A1KP45J4CDZNXL,{3179: 4}
A10E4KGQIO9M97,"{3223: 5, 62318: 5}"
A152YJTPX4IMBR,{3228: 1}
A3ERQT8ZKBJKN8,"{3336: 5, 30025: 5, 67099: 1, 68776: 1}"
A1J2UU7AXD6EH2,"{3363: 5, 52606: 5}"
A3HE5F4QL9GJCG,"{3396: 5, 47109: 5}"
A1Z1M5CJIJPE7F,"{3504: 3, 22479: 3, 31314: 5, 35653: 5, 39314: 5, 39399: 5, 51483: 4, 57589: 5}"
AM2A1BK2FUHSJ,{3508: 5}
A2UENHLQY31DX2,{3528: 1}
A1SXFXQP7C60IW,"{3553: 2, 9984: 4, 45176: 5}"
A2NTFRZWXLH4S,"{3572: 5, 17111: 5, 52215: 5}"
AFUI62YAC88FA,"{3663: 3, 7445: 5, 29934: 5, 31377: 4, 64850: 3}"
A2EA4XBVXSP98E,"{3749: 4, 7811: 5}"
A2TNYC6XZ5RE0,{3811: 2}
A8QCVZ828PNJE,"{3811: 4, 13570: 5, 14530: 5}"
A35AA3SEW9GE5M,{3811: 5}
A2JOEVXF2INOLK,{3843: 5}
A2GV43PPQVFKQS,{4103: 1}
A2GIBXL9CAN9P6,{4168: 5}
A1MQWDKSUCCKYN,{4208: 5}
A1C3I5C66QFX5P,{4233: 3}
A3T00N6J743MLC,{4451: 5}
A272SCQXUM6KZO,{4465: 3}
A1LV9QCIYB6XNR,"{4520: 5, 42411: 5}"
A1AXPAYOFPBTAW,"{4638: 5, 28049: 5}"
A8RZ7F39A37IO,{4800: 5}
A1JZ1FVJ0HBZ5F,{4860: 5}
A1JGPK8NXS7OG1,{4860: 1}
A1VO7X68TME93I,{5005: 1}
A8CAQDT4I3MFA,{5036: 5}
A2EPIJ1TFR69RM,"{5130: 5, 16169: 5, 31047: 5, 49870: 5, 56778: 5, 68184: 5, 69628: 1}"
A218B2JQWSPH3E,{5207: 1}
A2F9ZURUB2GDVS,{5238: 5}
A357JRXZV8JFN7,"{5285: 5, 23574: 5}"
A1A1WAZ625FT6T,"{5340: 4, 11228: 4, 14372: 4, 16308: 5}"
A1X45FI4VCILXE,{5350: 5}
AM4ZHXXYMZ20P,{5373: 5}
A1HKKRUVZA2VYH,"{5419: 5, 9874: 5, 12144: 5, 13570: 5, 17027: 5, 21731: 5, 30729: 5, 37449: 5, 38813: 5}"
AG2C2G474SV1I,"{5479: 4, 13937: 5}"
A2N9VSC0PL8GTE,{5583: 3}
ADPDOOXFGBX3G,{5612: 5}
A3E7PAZI235MFI,{5713: 1}
A8VXBN0XNFUW8,"{5756: 1, 8676: 2, 18897: 2, 28013: 1, 36574: 3}"
A2I9MU6LMVH9PO,{5756: 5}
AU0IJ2QD8R6AK,"{5814: 3, 43019: 5}"
A1TM378MI185E2,"{5945: 1, 16882: 5, 65548: 1}"
A20NTVC0Y45VA8,{6095: 5}
A392BISUOP87TN,"{6136: 5, 46906: 5, 57124: 5}"
A1NY9UAETLM5LI,"{6217: 3, 10033: 4, 27413: 2, 38887: 5, 39264: 4, 41124: 5, 48853: 5, 51210: 3, 59979: 5, 62451: 4, 64164: 2, 65365: 4}"
A2PCFZM0IQWSTN,"{6390: 5, 15969: 4, 23349: 5, 34615: 2, 62995: 5}"
A18USYA7DDF8BT,{6474: 5}
AXK0ZLYKEWFD8,{6605: 1}
A1LYIEOMYF8SEZ,"{6620: 4, 54232: 2, 64556: 2}"
A3OZ94DJ8IRX3O,{6634: 1}
A1ZYY6SU4UWF4W,"{6681: 3, 46870: 4}"
A3CSCL2S8D4IAG,"{6725: 4, 69801: 5}"
A1W7CZQJD7BFFA,{6849: 3}
A3ONPQMO4POB2P,"{6856: 5, 16747: 1, 46595: 5, 63532: 5}"
A22AFUQ0KRU0P1,{6927: 5}
A2KNRT1U7XJD5Y,{6991: 3}
ABWDCC1JGJE34,{7083: 5}
A3MJPW7JQRH9HU,{7083: 5}
A37K6PXRUJP1Y6,{7148: 5}
AI8FDU6N5TAJ2,{7157: 5}
A3I7HJ1YOVTSN5,{7178: 5}
A2I4BWR7I7ZTS8,"{7229: 3, 30094: 4, 69351: 4}"
A24X8NTOHY09BP,{7267: 1}
A3ALMM68AD9JPZ,{7272: 5}
A2NMWDEWM28CAG,{7276: 5}
AL61HUJMHCGG2,{7321: 5}
A12S9NQHYN3HG1,{7402: 2}
A543TQB8DC5YQ,{7414: 5}
A8RC3QIOSEDXH,{7434: 4}
A224OKDBTUC41J,"{7463: 5, 14332: 4, 38597: 4, 47705: 4, 59717: 5, 70358: 3}"
A1ZA9YM3YVB9CA,{7628: 4}
AQ1PQOG7BT8F6,"{7770: 5, 34786: 5}"
A1JOEPAJ5XNISM,{7781: 5}
A7R567F8A2EOJ,{7896: 1}
A1FQD919AH86DK,"{8072: 5, 52606: 5}"
A8OOGHHFL202A,"{8072: 5, 12564: 5, 23196: 5, 33243: 5, 59857: 5}"
AJSTJOGCRBSL9,{8072: 2}
A8ZDEVIK8AQEH,{8093: 4}
A3EOMH13UCCVZM,"{8246: 4, 15623: 3}"
A1OUZ612MXVH0E,{8283: 5}
A12153VYA26AM8,{8329: 2}
ASTWH2ZSJ80Y6,{8345: 5}
ADNHKG6TZUL6D,"{8360: 5, 21691: 1, 24031: 4, 53531: 5}"
AADYL5WFNSFLP,{8394: 5}
AGD7UK9OI3R1A,{8520: 4}
A3S1XJOEDM0X4M,"{8635: 5, 41356: 5}"
A115ZGNUABXNOT,{8749: 1}
AX1ZWPB322N2Q,{8766: 5}
A3IDJBOY74UPUS,"{8788: 1, 52309: 1, 55838: 5}"
A2FQNCXTR6UM3J,{8798: 5}
A1WFNO06XKV4YY,"{8856: 5, 63888: 5}"
AB77K5NMBB0MS,{8884: 5}
A1JOPNOW7GV9OY,{8892: 5}
A2E4W38I1VSU3L,"{8910: 5, 32891: 4}"
AKDBT8J3S5UHZ,"{8932: 4, 40518: 4}"
A31BJJ8IW5Y2OX,"{9016: 1, 9281: 5}"
A26WKSQVHXY1K4,"{9065: 5, 23814: 5, 27945: 4, 35086: 3, 35490: 1, 41605: 5, 69914: 5}"
A15XJOP4SVH2AH,{9075: 5}
A26DIQ1LI78BJL,{9139: 5}
A2BYEYPQP7KQ7Q,{9201: 5}
A351S9RWI4KOJ,{9205: 4}
A1DMVS1RCU8ZL,"{9323: 5, 39625: 5, 69315: 5}"
A1YUKUOQ8JHQ3,"{9445: 1, 63241: 4}"
A33NAXZHGMRZU7,"{9481: 5, 44324: 5, 62167: 5}"
A3UN7WGJF7ZGLB,{9511: 5}
APVO7CLIED0LT,{9591: 5}
A5KX5YOSMV8DE,{9611: 5}
A2IAODA759PVQN,{9635: 5}
A28U0VZBUQSWH2,{9725: 5}
A1URFC1FC5CRAY,{9754: 4}
A4S71POPTFE2U,{9986: 5}
A3L0JG5NYCUHJ3,{10028: 2}
A187MJW4Y5HVEK,{10147: 5}
AD08BPOCA5Z4D,{10199: 5}
ASRF6GRNEZ2P6,{10217: 5}
A142LS33BKF7FE,{10258: 5}
A11S20UBSMSEBF,{10280: 4}
A28CTPX65AS4R9,{10324: 5}
A1DLYTVWS4RAHY,"{10344: 2, 14854: 4, 49959: 2}"
A3T12WTJ4MWOQ,{10364: 5}
AZ5MO95QE6X0O,"{10573: 5, 53494: 2}"
A2WCOH3S3VZZEF,"{10914: 5, 11219: 5, 13235: 5, 37670: 5, 55748: 4, 60841: 5, 65564: 2}"
A1T5WZVOU7TO7M,{10924: 5}
A215DJXJUBJACX,{10985: 4}
AUVKP5ES135D3,"{11122: 1, 65313: 3}"
AKEVHYXARQPHQ,"{11130: 5, 67384: 5}"
A36V39OERO12LN,"{11221: 5, 35698: 5}"
A2WWKIS3AQVX0,{11221: 5}
A11ATL9U1DO1MU,{11221: 5}
A2CLSQRE9Y7BY6,"{11330: 3, 11566: 2}"
A2GCMBW66QLJ8B,{11539: 2}
A3FREEXFROTASP,"{11566: 5, 29524: 4}"
A3DC4PHWOBMU2U,"{11681: 5, 41126: 4}"
A3DYAYVGGSO9YQ,{11686: 4}
A23H4EGP17ZKHS,{11749: 5}
A2BN382Q4P4P1O,{11796: 4}
A2W3WLQ1KRO0Q8,"{11803: 5, 21180: 5, 32997: 5, 34250: 5, 36705: 5}"
A3JPV0CKZTQ1B0,{11851: 5}
A1NP427WO75S05,"{11871: 5, 32471: 5, 49600: 5}"
A26ZLJUU9DJPBJ,"{11894: 5, 67556: 5, 68658: 5}"
AD42WCETMMZ0S,{11894: 5}
A1MI7DBK3E1LOC,{11989: 2}
A14AZSEHYV4G3M,{12062: 4}
AL7XTOSLXV81,{12098: 4}
A1YOM2CMCXLZV7,{12152: 5}
A3FE23PVGUGYDT,{12171: 5}
AI1JIX4KATV4B,{12224: 5}
A2UTL420P15IL5,"{12270: 5, 43003: 4, 53615: 4, 56805: 5}"
ASGCNSS11TNMK,{12324: 4}
AWXW4YSKUO0VC,"{12325: 4, 21180: 1}"
A3UUERRU8V6HKA,{12542: 1}
A1Y3TD3C35C8P6,{12564: 4}
A1A3Q2AC6BCRZ9,{12564: 5}
A29RKVB423UDVK,"{12578: 5, 42785: 1}"
A3S78I4WR9AFT7,{12656: 5}
A2A0Z2IO084H84,"{12699: 1, 16353: 2}"
A1GIFO68ZEF66V,{12736: 4}
A326XR60MT0MN3,{12836: 4}
A5E885DCYO1B5,{12860: 4}
A2TQUYSQFEL4UA,"{12921: 5, 22378: 1, 54992: 2}"
A1F1RRKQNO5YPZ,{13003: 5}
A1NRD3B011PZDQ,"{13003: 5, 36330: 5}"
A3U9QS8DG7S7JP,{13082: 2}
A2JN3PSOAUI3ML,{13510: 4}
A2357C4D0PQUKN,{13512: 1}
A7Q7Y1Y0BC0IW,"{13570: 4, 32246: 5, 41067: 3, 58926: 5, 67549: 3}"
A3L54HBVSHIQXW,{13570: 5}
AAN0H3AU2NSU8,"{13639: 5, 42811: 5}"
A267FU71Z01CIH,"{13887: 4, 16236: 5}"
A1H37N3VKHB078,{13889: 4}
A18Y817KSQ3055,"{13952: 2, 57588: 1}"
ANG2FVCXLA7NJ,{14006: 1}
A1HD1T6KDQMC80,{14063: 1}
A1WQ4N3WBALQ91,{14079: 5}
A1Z10UZLN5V0IG,{14332: 5}
A3MV2IPD6S734I,"{14432: 5, 40580: 5}"
A1TW1Z8JCAK7LU,{14470: 5}
AXCF9JAEWR66U,{14642: 5}
A3M3REX9WW1KC9,"{14691: 4, 36287: 4}"
A1THPJF4CSBGC2,{14741: 5}
A1U2ZDEMX23O07,{14794: 4}
A10U5CB6JE15N5,{14828: 5}
A9TAJ5W20MJBV,{14833: 5}
AGVFHQESS2EMQ,{14926: 5}
A1YPIR5SU8E4S1,"{14932: 4, 17058: 5, 49688: 5, 52385: 4, 65147: 5, 68880: 5}"
A31L1UK16SK5XA,{14963: 5}
A1UERMF354KSET,{14967: 2}
A3TBGVVOA5RTF6,{15084: 5}
A2ZQOCZWZIZ60P,"{15169: 4, 38802: 4}"
A2BBQSPS7CXMX9,"{15171: 2, 26546: 5}"
A2U1ICQ8J2OBDE,{15226: 4}
A3M4EZAK1K4986,{15226: 5}
AVM0NQ0ITQS9C,{15226: 3}
ATCIYUIMB3XCC,{15366: 4}
A3ETEHX2QAXIRX,{15366: 4}
A3DVEBA4YC9CUR,{15425: 3}
AU9WKVIBXVSO,"{15445: 5, 30840: 5, 33148: 5, 48660: 5}"
A36E8QBUFHZQF3,{15450: 5}
A1L1XKNHMXCBBM,{15464: 5}
A2AUONKQ1OD4HT,"{15473: 5, 68621: 5}"
A3T8F7DSYW288F,{15520: 5}
A3BMIVZSIGYYAR,{15555: 3}
A21DGO5HNR0V0D,"{15590: 3, 47790: 2}"
A3SYIF5TDRV9OO,{15632: 4}
A1EUI1YFCSE7C2,{15663: 5}
AYJ9UB0CBI478,{15666: 3}
A15BWBCZ62XU57,{15681: 5}
A1KSFI5H42567D,{15732: 5}
ABE2C5W9NJL7L,{15739: 5}
APHBJ4TMX10R4,"{15814: 5, 59934: 4}"
A2N9M9JFOPMW6Z,{15859: 5}
A1HPH1YY1BZV8J,{15867: 2}
A3BIT9XFXTYVVT,{15903: 5}
A111BV018TH5R0,{15968: 5}
ADVS04J7W5GJN,{16079: 1}
A2EDZGK9Q25AXE,{16173: 3}
A2QV9JPCNL3S6Z,"{16312: 5, 30445: 5, 32512: 5, 32702: 5, 39756: 5, 51989: 5, 56739: 5, 58335: 5, 64354: 5, 66772: 5, 67581: 5}"
A3RAGDOLZ1F1OB,"{16384: 5, 49532: 4}"
A1I7RNQY239V2R,{16542: 5}
A2YLP9MOOZCLNN,{16564: 5}
A1ILOPL3SAH55I,"{16606: 4, 37678: 5, 42336: 5}"
A2D9DSJIH4FRMC,"{16624: 5, 66579: 4}"
A3SU498A37R0KS,{16684: 5}
A3BNCA1FOTDBIS,{16711: 1}
A04768371XWM68DY7D1ZQ,{16814: 2}
A2ZSNAJ679I240,{16889: 5}
A2MFP03IO6TVIT,{16962: 5}
A19ELLOSSUHCAT,{16998: 5}
AS03GL2ZLU98K,{17146: 5}
A3AN922KLRT5AB,{17175: 1}
A3KMKREUKFW2YY,{17186: 4}
ANACL8MCLWFEZ,"{17313: 5, 49961: 4}"
A3MG6W50A24W2T,"{17382: 5, 48949: 5}"
AJEACWTUG3E95,{17455: 3}
AL57G09739JIA,{17498: 2}
AJZWXUIW71092,{17538: 1}
A3S21JKO5A89V,{17592: 1}
A40BPGYBPBFJU,{17597: 5}
A2959AZ2P65C9S,{17634: 5}
AZ47T0G9ASS4E,{17656: 5}
A2Z1QSKEHUPNRT,{17663: 5}
A67XMVAJ2TZPL,{17663: 5}
A1BIGXJDKOYUXR,"{17663: 4, 58335: 5, 66956: 5}"
A12M2YA8KKZTY1,{17663: 4}
A2AIZH368G22SW,{17726: 5}
AKAJIXJ9N1FFK,{18038: 5}
AX1IXCMSETLNK,{18057: 5}
A2CCUA75PGZCF,{18057: 1}
A24X3QKHM8SGFY,{18057: 1}
A3E62ETYO7JOZ8,{18057: 4}
A3RAY6RNZQHU6G,{18057: 1}
A286EG5Q3YH1L8,"{18105: 5, 67370: 5}"
A179E0B9D4Z65F,{18314: 5}
A13HRBF6V8E8K2,{18826: 5}
A313RJPVP8AKC4,{18863: 5}
A2N9S098UA2A1B,"{18876: 5, 29583: 3}"
A2BAP8AY2XINBI,"{18883: 5, 41049: 5}"
ALQSMH8CWB3EI,"{18910: 1, 22971: 4}"
A2YGT6PA3N0VWJ,{19025: 2}
A3L24WM7CWEUGO,{19144: 5}
A3T4BYETVVRIXC,{19178: 5}
AYFM470RZF56L,{19195: 5}
AHJSD182WGBUV,"{19292: 4, 57370: 5}"
A23HFG0EIJ8SAP,{19292: 4}
A39SKP1U6MYLOR,{19377: 4}
A3FIQH8F9UN5IO,{19621: 5}
AJEMXUING477,{19669: 5}
A22WH8TGYZWNG,{19732: 5}
A3CVQOVXNUG0PN,{19733: 3}
A284J9A0E9A8QW,{19773: 4}
A2XNC6UJ41XHWF,{19776: 5}
A1SQR1JBJ56ZK7,"{19776: 5, 26357: 4}"
A1LQO1RRPRR4PR,{20063: 5}
A1HN3VYL002794,"{20096: 5, 54809: 5, 62951: 5}"
A38TDY3CEEVACC,"{20098: 3, 68602: 5}"
ANG3EBVC1S7VM,"{20112: 4, 39188: 5}"
A3QF3ZHK735EBS,{20376: 1}
A5TOC33UFK9PJ,{20459: 5}
A23RC0N6LXYUJH,"{20467: 4, 43003: 5}"
A2JA4PAX9BVB4H,{20498: 1}
A12LZYMD1ERJWA,{20505: 5}
A26DQ201YSP68M,{20505: 5}
A2PHPEA6OTZX2S,{20539: 5}
A17Y354PS9OATV,{20551: 5}
AM3BQN8J3CQP6,{20559: 4}
A142F67BV9ZCVI,{20747: 1}
A1IXSJOBRZAIT3,{20835: 5}
A3NT8X0A4R2JMV,"{20899: 5, 59879: 5}"
A12QCWP4YWIAV6,"{20910: 5, 47677: 5}"
A1J1UWWNAPNTHJ,"{20916: 5, 50357: 5}"
A2LFX1HAKNFY94,"{21002: 4, 52270: 4}"
A1449DKUN8JJC,{21049: 1}
A1PZDP7DHTFHNV,"{21061: 4, 26063: 1}"
AQB28WLID0YHP,"{21165: 4, 35879: 5}"
AQ5JF8BQBFMFF,{21174: 5}
A3V5U3EE48A1BV,{21280: 5}
A3EC483SCE07DC,"{21436: 3, 31060: 3}"
A3NIECA8N59XPC,"{21486: 5, 21817: 1}"
A3RIM2LU1BV6WI,{21754: 5}
A28V9LN0VEF4RF,{22028: 5}
A25L6HIYFOE88L,"{22060: 5, 30203: 5}"
A1G59Q0JM8FTVP,{22074: 5}
A12E2OIZIA73L8,"{22153: 3, 57589: 5}"
A2YPGFDU86H8LK,"{22224: 3, 64863: 4}"
A20CGKF1ANGHJ6,"{22246: 5, 44190: 5}"
A7C7T0SV7KGRD,{22248: 5}
AJHSWLPP29HU3,{22252: 5}
AW6YA6PXH5TV9,"{22340: 3, 44039: 4}"
A22ZZLBL9TM0HN,{22751: 1}
A1NKWZT8LI5SDY,{22830: 1}
A2F6WUM14NORYM,{23146: 5}
ALVX1EZDDX2MQ,"{23165: 5, 36671: 5}"
AQI98XZBWLZYY,{23262: 5}
A3IVTLTWOWDXXC,{23273: 1}
A169ZYI77GT1F3,"{23349: 5, 24230: 5}"
A14BY5XCUJZ3BP,"{23363: 2, 42622: 4}"
A14Z0B1D4ZE5UI,{23469: 5}
A2D17UE7VTFFWA,{23520: 5}
A2E9MRPPV8K4O4,"{23539: 5, 41193: 5}"
A3MLAJONOP2EYB,{23555: 3}
A28U2GNCTIRBJK,{23677: 5}
A27QC91QUMSO17,{23683: 4}
A23F730XFBDPQY,{23718: 5}
AQ4O5V9G2O0GF,"{23806: 5, 66722: 5}"
AWV50HOATTDRS,"{23814: 5, 69897: 5}"
AP5N41KWW21WL,{23911: 1}
A31N3YFZIMUXBW,{23917: 1}
A10Z12GG4QRHH0,"{23920: 5, 37323: 5}"
A33L59328TNKXR,"{23966: 5, 40956: 5}"
A14NOPLBKSM8I3,{24022: 5}
AHTH1HDDUGOK9,{24073: 5}
A2V39I8MTWX7Q6,{24492: 5}
A31TAC5Z15RK2K,"{24605: 3, 29929: 5}"
A4APF2BR0LWMA,{24610: 1}
A1I3GZDWW1PSQL,{24673: 5}
A299I7E6ZBTOAU,{24793: 5}
A2H7KDG7S7YZ0T,{24801: 5}
A132LT43ZJ1U5W,{24866: 5}
A1QEA4T3NHWRHB,{24956: 4}
AS3ENIX20K6HA,{24968: 3}
A3VHF0K9BV6U9T,{25081: 5}
A296DKPYE20CH1,{25402: 1}
A3K7BY9W5GUGB7,{25467: 1}
A21VM9WVF8EOSJ,{25529: 1}
AOGH5JMIBTQBA,"{25597: 5, 50846: 2}"
A10YAQAMK4BBMU,"{25640: 3, 35604: 5}"
A2LXAE8RZ2DLPS,{25704: 4}
A29K4FT5B49MSX,{25731: 5}
A1MA2L3YEXNGU6,{25754: 5}
A1HSGUUHN53Z6M,{25779: 5}
A4VK1KAIO8SD0,{25805: 5}
AL9TLVN19TLN7,{25826: 3}
AEC1M24XVINSG,{25921: 5}
A135HU9AIOP9M8,{25990: 1}
A2J0QU3RYSIR1P,{26020: 4}
A2UIHYXK9TZRXZ,{26046: 5}
AXKTDB1PJ7HK,{26138: 4}
A38N21CX5JOGQ3,{26138: 5}
A2QJ4WOGBD3JB6,{26138: 5}
A2ZG1ZMC3LYUXZ,{26166: 5}
A1LY57930JMFGR,{26166: 3}
A396FW979MVZVG,{26171: 3}
A2YJ9A1K33KX3W,{26344: 2}
A2CJZIYTG2VQ5M,{26356: 5}
A1ZI9Y0WUSB6QZ,{26546: 5}
A2AYIYHER20V3D,{26606: 5}
A35AWG98E86DT1,{26696: 5}
AD9J4ZXGPC76P,{26794: 5}
A1Z5IBM6Q2ZD6M,"{26991: 4, 57778: 4, 63564: 5, 64535: 3}"
AFENXDBVPXHDK,{27170: 5}
A3GM97JEGB0FT2,"{27228: 5, 56051: 5}"
A921BQNIL8E58,"{27315: 1, 44167: 5}"
A2TFKD0F1O5DYZ,{27570: 4}
A3HBGKNLMJNKE9,{27616: 5}
A3702AI22T81E0,"{27658: 5, 64824: 5}"
A2V8437L9MS25C,{27843: 4}
A3W2ABNREVNRW7,{27906: 4}
A2KEX9X3H9FSQI,{27971: 5}
A1J4LBJAFHX1R3,{28014: 1}
A3S7E7I2XHNH3L,"{28040: 5, 55502: 5, 67279: 5}"
A2DFE6NF5W9LYI,{28057: 1}
A3C75RD2WFDT7U,{28130: 5}
AU4XBHCLBYSXI,{28328: 5}
A32E0R69D9ZQ6J,{28350: 5}
A20AP70ZN00LJ9,"{28361: 5, 62318: 5}"
A2TCPSI6542MIW,"{28498: 5, 28965: 5}"
A2S6ZMNOZTK01D,{28512: 4}
AIUJP69Y5XYPT,{28633: 1}
A1ZOW63QE3HUSP,"{28696: 5, 33671: 5, 69680: 5}"
A32RUEGHLGQDV4,{28751: 5}
A3CVICWDICZ2IJ,{28764: 4}
A2YR3B0BPXLSEF,{28766: 5}
A2BTXMBULE8L9K,{29050: 5}
AWKZAUC0D8DYL,{29178: 5}
A23I6SUCSFJNG6,{29312: 5}
A20EYCDRHJ7VKP,{29323: 5}
AYI34KJ53MSA1,"{29675: 1, 55786: 4}"
A2EI4T5YBKF6G4,{30090: 3}
A3P5HXU2V7XI4L,{30183: 5}
A2NJEJ0M4LQHJT,{30205: 5}
A1JA10I11VP3YS,{30390: 5}
A27GTMTRZ1H28P,{30462: 5}
A38A6NKAMKPAHL,{30462: 5}
A3VYCWBO41LI0R,"{30545: 4, 40646: 4, 43019: 4, 68090: 4}"
AY1YR7RMPIC61,{30555: 5}
A2X2YYNELBCECS,"{30611: 5, 50020: 5}"
A3IIM90OO0T06R,"{30683: 3, 37988: 5, 64719: 5}"
A2CLLT41FWXWR6,{30813: 1}
A27ASS73BE783D,{30821: 5}
A37IK1X41TRX3T,{30914: 5}
A3HOH7JKVNXLSU,{30953: 5}
A1UDBZQSDPICDR,{31164: 4}
A2N2RW3YML1C5W,{31204: 5}
A3K1G3N34FV5M6,"{31326: 5, 58625: 3}"
A29D0R0K7O2AAE,{31408: 5}
A1905ALINAWBTX,"{31449: 5, 48636: 5, 69217: 5}"
A2GYB8SO5XWE6S,{31682: 5}
A3LRE2SMZAS7O9,{31786: 5}
A2NIB5KSPN1P57,{31836: 5}
AANRJREZ74LT1,{31865: 5}
A22PC42ET764GM,{31946: 1}
ABW68OIWFRRGY,{32046: 5}
A10AGM547Y35VY,{32078: 5}
ASG2V8PNF529,"{32098: 5, 33221: 5, 48289: 5, 60879: 5}"
A21BUMGNV9JRM9,{32100: 5}
A1NGL6OJ949V2H,{32238: 5}
A29ZK197CQPCWT,{32498: 5}
A4DGKV8HZBCEP,{32636: 5}
A3DV2N533KU3B8,"{32884: 5, 59577: 4}"
A270WLVA1DJXFS,{32884: 5}
A3BDG8CFEB58T,"{32891: 5, 38384: 3}"
APKMFUX2CFYCP,{33038: 5}
ACBVQ7MVHKJA2,{33059: 5}
A3OFUUZEIECC54,{33082: 5}
A6BN63B08EK79,{33148: 5}
A1UOEUNQ6VYY4L,{33148: 5}
A1AQRQKWLLASLE,{33186: 3}
A1JX98RO32B5JH,{33292: 5}
A3O60C5513YYD6,{33361: 5}
A3QXKJJODE7PTN,{33573: 5}
A2KU16Y85WUHJ2,{33574: 5}
A2TUMLRMA1TYNN,{33588: 5}
A2IUZKJO8G637D,{33839: 5}
A29D9FZBSWDAPM,{33941: 5}
A34HP4S9DVGPN0,{34004: 5}
A2676NQZJOVVY2,{34015: 5}
ART1DZNWZ9VKS,{34289: 5}
ALDDQ9R769BYK,"{34293: 5, 35779: 1}"
ADZRWVARG6IBC,"{34322: 5, 39425: 5, 64961: 5}"
A1GG073P7BNNZQ,{34330: 2}
A1D4S3RQX6E66H,{34339: 1}
AHAS13C270SIW,{34346: 4}
AJAZN8AOFXOMI,{34528: 5}
A1545Q9IIF5THD,{34528: 5}
A1T34UT98AGUHN,{34536: 5}
A2TUB44DETL7CY,{34547: 1}
A1DH3LZOS3B3Y6,{34559: 2}
AE4S2J18UGK68,{34570: 5}
A14AYL2TIRLIMO,{34570: 4}
A11IOM6CRWQS7A,{34582: 1}
A1T26AZSCAZ0OL,{34615: 5}
AY43XII1VJK72,{34857: 3}
A16PMVMZZ2LRYF,{34860: 5}
AOMVQBX6AEKO9,{35053: 5}
A1O2VBNT2GWIQO,"{35154: 3, 69874: 5}"
A2DTXS9R6MJV78,{35232: 1}
A1OTN4X6M20GQJ,{35299: 4}
A10UYANBHEH07W,{35347: 3}
A1DAGYWF6U9ZR3,{35348: 5}
A3EMC22NWYVIDT,{35650: 4}
A197M5GGZQAUF9,{35667: 4}
A3B95GPSECAW75,{35680: 5}
AFDAC176QC2EX,{35754: 5}
A1ZSYBOST9MUKG,"{35757: 4, 68597: 4}"
A251RNU9WAVA5F,{35801: 1}
A2OU0H0K7GMA1L,{35805: 5}
A1XMEK0KG72JRN,{35905: 5}
A11BVM05JGJOGR,{35966: 5}
A3HWC1ISUIR4XG,{36060: 1}
A2227OE8EJ6KB7,{36205: 5}
A34JSLLYVPT6OU,"{36331: 5, 57429: 5}"
A1K4K218FRMYCZ,{36346: 5}
A1QNVBL4KIU9A1,{36619: 5}
AIIFMTZQ5H5DH,{36944: 5}
APDZC411HF31D,{37037: 1}
A1Y909G2F4ENOR,{37049: 5}
A8XBR09J4Z421,{37101: 5}
AKJVTHEQWGFEK,{37185: 5}
A9SNNIVPXNAS9,{37250: 5}
AAF0O2HM1MZ6Z,{37283: 5}
A2MD9T84Y6TYHF,{37350: 2}
A131Y2K72QHU4O,{37367: 5}
A2FIEH52VLXQT6,{37407: 2}
A1D3JHE4OCSJH6,{37431: 5}
A3O15SQOQW3XAV,{37613: 2}
ADKMARD7TPLNU,{37697: 1}
A1A7N8Q3T6HEQG,{37831: 4}
A2WVD52IX2FFB7,{37838: 5}
AP6FG6676T278,"{37860: 5, 62099: 1}"
A3H7PJ1MEU1272,{38056: 4}
A12ZDIZV8LWDIR,{38102: 5}
A3NVMWBFW7BQMW,{38102: 5}
AO4AAUVSHCY50,{38165: 1}
A38BT0N5BELYB1,{38200: 2}
A3D4RG3QJO9JNP,{38239: 3}
ABEQN1USMY9CP,"{38263: 4, 42392: 5}"
A1VAORWY4J01L2,{38351: 4}
A7I9TSOCN6Q3D,{38405: 5}
A2FH8VLJ7J4BSH,{38463: 5}
A203STHT5Y2S2A,{38562: 2}
A1ODGI500BTVSG,{38685: 1}
A1RER564ZF4LWC,{38792: 3}
AUBQ6W5E0Q4LF,{38795: 5}
AHF8LK1B4KRZ5,{38859: 5}
A2K058HZ7T0BCY,{38867: 5}
A1TH2VEJTKQ1AY,{38893: 5}
A2FUDZVLNSUCRG,{38936: 3}
A2NUGBLR9QOV53,{38942: 5}
AL0E5IWM4888Z,{38986: 5}
A39ZSLH65M3HUT,{38998: 5}
A2J4RL09XJEB3K,{39037: 5}
A380P13VLCQQK9,{39118: 5}
ADW7E20J8A5ZT,{39125: 5}
A31574XLRUKFK2,{39188: 3}
A3OAXHPD8QIUDX,{39259: 5}
AKRAZOXHQUMUW,{39313: 5}
A1S5OT5TO8CVLA,{39313: 5}
A2AOAFUOKDKY4B,{39329: 5}
A58A63W1YOR5J,{39444: 3}
AAJSBKDD9FIDI,"{39609: 5, 64742: 3}"
A32AXH38V5F9NW,{39726: 1}
AHYMOIL76H0HN,{39742: 5}
A15LAOJV36MROC,"{39773: 5, 52606: 5, 55208: 5}"
A2Y43JVUPNRIXW,{39843: 1}
AKRCN3Q4IZ63S,{39882: 5}
AITKFXHLRRUS3,{39992: 5}
A1HAXF1M492A5D,{40196: 2}
A1QJN53CLFEODN,{40296: 1}
A2LOU0ADIY6Q0K,{40313: 4}
AOJ5AINPBIXRD,{40356: 3}
A3LZ6A3LINCJBL,{40415: 5}
A31PJ0EGI9WQOV,{40431: 1}
A3AVAIKWFLDNTD,"{40890: 2, 58352: 4}"
AKGEHI7B64Y9T,{40961: 5}
A2OM37UZV2C8VZ,{40966: 5}
A2GJDVMJQNMT4C,"{41069: 5, 53976: 5}"
A1XFPONXBKICAL,{41100: 2}
A1T53ATGDU9TMV,{41132: 4}
A27EAJGK04HNLQ,{41198: 4}
A3RFO4WUDCKPY0,{41198: 5}
AKK634S2W4W2N,{41219: 5}
AHRWNXQCKQY65,{41373: 4}
AHBEHNVZM1G93,{41373: 5}
A2HNQ64UMFNEE8,"{41428: 5, 52604: 1}"
A2ORXS8F1N1DYG,{41475: 3}
A24BM3UT02WRPW,{41552: 5}
A21QFMJHHZOZ2M,{41683: 4}
A2MG8UTSR7AV4U,{41856: 1}
A1PAJEBKRGODM4,{41915: 2}
A1OW8HE2ZR5SNZ,{41990: 5}
A2HKYRIZNZP7TR,{42170: 5}
A3DKHPTVLU528W,"{42542: 2, 53282: 4}"
A1VBWAI8Y2Y6OH,{42613: 5}
A3SH3AUR35Z9OS,{42622: 5}
A3LC4LEPWNWUDP,{42652: 4}
A149R2BOND73LS,{42657: 5}
A1S0VT28FKYOSD,{42754: 5}
A32OXQCYGLEG54,{42996: 5}
A1FWYX1MSBYX5Y,{42997: 5}
A5CZ6E29C1JLM,"{43000: 3, 53492: 4}"
A3TEVVWQ6XNTHH,"{43169: 1, 52496: 1}"
A29812D0WGLFSQ,{43173: 1}
A3JIV0C2P2U3JV,{43210: 3}
A20NK9EQQJOMAV,"{43385: 4, 43835: 3}"
A2XA26RSPT2EVS,{43472: 5}
AZABRMWFA1K7G,{43478: 5}
A14JD4Q68QV1DO,"{43698: 5, 70639: 1}"
A2L5LU4L6W47XY,{43781: 3}
A2ACKPL1QURK5U,{43882: 5}
AJOCB8LRJRCB3,{43920: 2}
A2X6L4D54SPELO,"{43925: 3, 58653: 4}"
A12849P23HOIDU,"{44059: 4, 48717: 5, 51989: 5}"
A3A1Q0PNG7PAFX,{44296: 5}
A31UI8LFZL8J48,{44402: 5}
A1X9MK4SQQCATO,{44407: 4}
A1IXWM8E11JYRZ,{44500: 5}
A3A8ZNFXR3YNED,{44560: 3}
AB39A20AXD998,{44570: 4}
A3OSIJ8ARKMMGR,"{44587: 5, 47826: 3}"
A3MKWESYMLNGBZ,{44602: 1}
AJC2YWFIJALYR,{44700: 5}
A2XTBWSNJ0Q5TD,{44826: 1}
A14680SYR8OIAX,{44964: 5}
A1COCLWUWFE30T,{45219: 5}
A26UHVJL76YECM,{45256: 5}
A2FRKWQ7AI7MT8,{45408: 5}
A217LW2JPVEMQN,{45652: 4}
A2B3D2QV9ZCZ5S,{45677: 5}
A2UXIGB5GTMZZZ,{45700: 1}
A1KXK6XRN01PC,{45803: 5}
A2FW2Y6WWTW4CT,{45835: 5}
ACFBWKT63BZTX,{46186: 5}
A6KCUVZCAYCU6,{46235: 4}
A1T45YL5ON5KR9,{46288: 5}
A2Z0VB5DIKJCO,{46401: 5}
AAG7MZ30GQHPD,{46824: 4}
AOLG9BD0U834Z,{46989: 4}
A1U4B0W4U18ZGV,{47043: 4}
AX5K7HQV224I5,{47069: 4}
A23667B13553A6,{47095: 2}
A33W0B56SJAUHT,{47231: 1}
A37WMM79N7S77H,{47389: 5}
A17LSAL32QI1TD,{47503: 1}
A2K7JRIWKGW8SV,{47635: 5}
AV3YKSD49TUKL,{47751: 1}
A2Q20M5GQUKDYY,{47793: 2}
AGJIN6ZVON9VA,{47988: 5}
A11RDA93CA4384,{48012: 5}
A2XTE7PYJ5LSAF,{48057: 5}
A2GWMOXWRRRFLW,{48188: 1}
A35UF7IY1ZKXCH,{48340: 5}
A3HGBRRMZSW2W,{48404: 5}
A3MDCXLCTWW08E,{48424: 5}
A1NXY3Z5VILM1W,{48496: 3}
A38SMBP15C85DG,{48675: 5}
A3B65L8SIEEXXY,{48710: 3}
A7AJEJND71AQD,{48889: 1}
A12XDKHIHETZEE,"{48899: 5, 50024: 4, 52503: 5, 64995: 4, 67388: 3, 68923: 5}"
A2Y7VY43J41265,{48945: 3}
A371LYLU8THYV1,{49093: 1}
A38EAE7LZ7541X,{49145: 4}
A24MYSR827PQ0Q,{49239: 5}
A2036AGLG8TPGO,{49277: 5}
A206T7J5LDMH2V,{49343: 5}
A24EXQT83TC8U5,{49417: 3}
A3F8TBTE56VYFP,{49453: 5}
A3L4QZW0Q2QFTP,"{49476: 5, 70313: 5}"
A2X1QZZABD541L,"{49530: 5, 55272: 4}"
AG9P7WZ8Q34GP,{49545: 4}
A1862E9AENGVOZ,{49730: 1}
AY0HG6Q0MR60J,{49796: 5}
A2LTUD87PKOO7D,{49828: 5}
A2C5M1LFH8LQGK,{49833: 5}
A2QPCLZT4XYK8B,{49937: 3}
A16QABOI9G1BD,{50063: 2}
A22XDF091ZOA47,{50074: 5}
ABHB5DN9PLDXP,{50131: 5}
AT8I9P8B1L915,"{50148: 4, 68788: 4}"
A10Z5MJVKFR9J2,{50158: 5}
A40E3SUU681L8,{50282: 5}
A344N0X5LIV43M,"{50419: 5, 58726: 2}"
A2HTLWSWUKCRQ,"{50446: 5, 54554: 5}"
A284NWQRTH4RX9,{50518: 1}
AT3GCDVZV4HXO,{50545: 5}
A16JC2UELMB635,{50554: 4}
A26QP3053B7LA5,{50691: 5}
A2T2Q81DYVM0K5,{50691: 5}
A3SLWWL0W8J0E0,{51071: 1}
A1UP1OFC3RM6T2,{51112: 1}
AW1BR25G9ZK2S,{51153: 5}
A3T8XGSS2HGMBW,{51212: 1}
A1ZUFPPI9MOHPI,{51257: 5}
ARYJUD8455BDB,{51257: 5}
A1IJSJWA0A402J,"{51284: 5, 63571: 5}"
AQS2O534ZEGY4,{51339: 4}
AH0R2LF94WOE7,{51354: 5}
A2E4H6M7C7BBL4,{51411: 1}
A3K43NGWZX5U5K,{51420: 1}
A5IA80HMZ8P34,{51629: 5}
A3P4KTFAQXAPVP,{51744: 4}
A1ILIVQ7F7Y5NP,{51745: 3}
A2WSX8B0E47533,{51938: 1}
A2QK5LGY2TPQMT,{51939: 5}
A1RCRIVXALZ6RO,{51989: 5}
ATX7I8OVOQTPJ,{52201: 5}
A2ZEL24X5LJUO4,{52282: 5}
A2UPT658N7YIIA,{52387: 5}
A1C4XESOY1SXR6,{52471: 4}
A3JBBMTM8P4732,{52547: 5}
A2N1YUDOCEH48R,{52606: 5}
A3QX0ERX4D03TF,{52822: 4}
A1W1A176FP2XS3,{52837: 1}
A1GOJZ80JPTD79,"{52872: 4, 64084: 4}"
AGS256EK6XJXH,{52999: 4}
A3JJ04WC27P44D,{53026: 5}
A28I3427PQK01Z,{53105: 5}
A1WA9XJPFTP1CY,{53205: 5}
A1KRGV1MXXVYLU,{53246: 1}
A3AA95QJRMHLZ8,{53312: 5}
A3D6H9545CK7GB,{53555: 5}
ABYRR6KFM9N8I,{53555: 5}
A2OJUFI0QZKR2O,"{53742: 5, 66356: 5}"
AXFOWJLVHYGDY,{53745: 5}
A22P272OVA7X6R,{53937: 1}
A3F9P8N1EOJ9Y5,{53967: 5}
A3165PAIEFGEMG,{54162: 2}
A1J5QIOAWVH7KZ,{54265: 5}
ATLV3CZOY7JVW,{54374: 5}
A2MZFWMZ1D6GNV,{54554: 3}
A333JFV9IWNPYH,"{54563: 5, 62350: 5}"
A1BW2E48E89SGL,{54685: 5}
A1SMA4MQNY07AB,{54827: 1}
AVY3TBBG17CPL,{54844: 5}
A4PWGJNJW1V3D,"{54925: 5, 68206: 5}"
A2HPO1Y6EX914Q,{55099: 5}
A3THU5ABDY2LX3,{55138: 5}
AB2ICUBEX7ORZ,{55142: 5}
A314I8YV88VWCN,{55192: 2}
AH69FJ7CQ13K0,{55426: 4}
A36J3FH89L4KM4,{55457: 5}
A2SGC8YX4LB24E,{55499: 3}
A1OYWQS8WOTNMX,{55540: 4}
A3ME7A6AVNS209,{55577: 5}
A1TLIGGH77Z8VJ,{55620: 3}
A7Z7QZVOYF4CW,{55757: 5}
A22CNHWFQNPJ6R,{55758: 4}
A29QFLI9W6XQ3H,{55807: 5}
A3UL9QBDFZPLPC,{55884: 1}
A8NW7TTRWOAL0,{56179: 1}
A3LG723NE0S2UG,{56369: 2}
AKG74GBV469J2,{56464: 1}
A15RVYSQ7GTH4V,{56553: 2}
A2WW49JIMJHMOF,{56739: 3}
A2XTSS015AXUHV,{56791: 2}
A31G4D3LQMG77B,{56840: 1}
A2CUR0H4W5M11L,{56851: 5}
A2GUX1Z5V5G18E,{56943: 5}
A144L5T9WCB7MI,{57042: 5}
A1WHKM5Z75IGQP,{57170: 1}
A1TWV005CYT4Z1,{57240: 4}
A1GK4QZU82R6L4,{57407: 5}
A2OINA7MWMWYE6,"{57506: 5, 61572: 4}"
A2H0AUPLE445GU,{57565: 3}
A2WY671S0D1O9Y,{57573: 2}
AVYMCUEDPPJB,{57589: 4}
A1FFZN8591U0L5,{57596: 5}
A16KUAG5HVAB1E,"{57707: 4, 68906: 5}"
A39GGPBJKDTTUU,{57785: 2}
A1L45SDOD13JP1,{57992: 1}
A3M036A0754349,{57997: 4}
A286ADTTZ9ID1R,{58121: 5}
A1PQRPF1LCXLHH,{58204: 5}
AJBT9S5TZI782,{58245: 1}
A1RAYTKRBAT86N,{58252: 1}
A16K708ROGFYER,{58257: 1}
ASSZPBYXU8A3Y,{58313: 5}
A3NFZM2C90Y7JP,{58335: 4}
A2GPOCI4QVAON7,{58361: 4}
A3V3ZLQ17JZT2Q,{58536: 5}
A1GXSQ8F3TIAJP,{58677: 5}
A3256WBX7I9IJP,{58979: 3}
A1FSD47V543DBO,{59039: 2}
A2UHBS2QRVIO2O,{59042: 5}
A36SWABMS7O9K9,"{59049: 2, 62161: 5}"
A2XFGFUDTPY73F,"{59150: 5, 62262: 5, 69608: 5}"
A3JMWHYMUQOGIO,{59194: 5}
A1O98FE26L8HX3,{59376: 2}
A1EX3MPWR1DALN,{59486: 3}
A2MPF97GJ5N3SD,{59717: 4}
A12IT4ARMX6O2A,{59736: 5}
A3UK96TZQC603T,{59857: 4}
A2UUS26OISLDOZ,{59977: 5}
AEPD7SNATVGRF,{60023: 5}
A3KC1V93W8BP3,{60170: 2}
A1DWDJ7TVNNKTQ,{60226: 1}
A163Y3B4OYRVQT,{60298: 1}
A2DY0NV20DAOSW,{60298: 5}
A367NDTC9SLUYT,{60311: 4}
A2JBU1VMPPDNWS,{60434: 1}
A2E5NBMYVJ5H3A,{60458: 1}
A3AA9IMDLZGJJZ,{60458: 1}
A1K42XDHKRGLBQ,{60500: 5}
A3GULRHKXZ14RN,{60552: 5}
AUWOOBH4L6KJV,{60731: 5}
A36CBOCHW2OHFP,{60786: 5}
A2I0LCOP111VJW,{60849: 5}
A1L103WXL3AIQ1,"{60990: 1, 63259: 4}"
A3BTH3N0VNOSAQ,{61374: 3}
A1P6SY6ZHAQK2X,"{61405: 5, 67253: 5}"
A2RFRQD3R47DO4,{61569: 5}
A2Y31NPB06T3L3,{61571: 4}
A2K4P6BCWQGIKC,{61587: 5}
A3RIERYLUWSO5O,{61630: 1}
A126QH38GYCI68,{61740: 1}
A163P5DS386TCX,{61765: 3}
A5ZA93520VSF1,{61931: 5}
A31FMYWQD09QUW,{61985: 3}
A3L1YWWNUU2DYH,{62061: 5}
A2KS6T0GNZFD0L,{62318: 5}
ARHRSYF9YLQZF,{62318: 3}
AQ2VL00OJY1MH,{62318: 4}
A2EDL6DIVQWFLM,{62318: 2}
A29OK8PPE9W2Y5,{62363: 4}
A2B50HBXY5G658,{62445: 3}
A284CQ95NKADWV,{62616: 5}
ANZGSD92Y707Y,{62616: 4}
A2S3P1SFNAVXUU,"{62730: 3, 64127: 5}"
A3IIGRE93JDRX6,{62811: 5}
AYBYTAQ8C84XA,{62943: 2}
A3P5MGH26AN9ON,{63047: 5}
A3KFC25E8M1MBJ,{63241: 5}
A2200137DUSZUY,{63319: 5}
AL727RWERMAZU,{63378: 1}
A3B3PW8JVWU2DZ,{63476: 5}
A2SJ4HLH9BNDXR,{63682: 1}
A1K9W7TS3BRU4U,{63728: 5}
AOS1K6CDM9NND,{63732: 1}
A23IGPXPPX0VW7,{64017: 5}
A4A0C617407T4,{64033: 5}
A26B77JIDGFIZM,{64073: 5}
AY6VXIWYGNATL,{64383: 5}
A2VVO1WBFCY9P2,{64397: 5}
AXSZFZDCOIHMX,{64414: 5}
A2QVIIA1EKGN3E,{64589: 1}
AJHZ6BNT2TOYX,{64676: 1}
A3TGS8Z8J6RHEI,{64717: 2}
A186SX1ESCM7PM,{64965: 5}
A5KHJ13RUC0V,{64965: 4}
A25IN1JISKBYZN,{65028: 4}
A1TO9W5VSWN5ZN,{65060: 5}
A4965DNIAYWF9,{65161: 5}
A3PN89FHVK4TQC,{65266: 5}
A2D9QZQXGVQ8JT,{65269: 5}
A3T1WMSXNSMRSH,{65313: 5}
A1D7D1FE7M5DJ2,{65313: 5}
A1CUP8I2CD60C6,{65313: 5}
A1XIJ2W1I7VHDK,{65313: 5}
A175F2R3JOGNTJ,{65313: 5}
A3GNBDV3AFIOI8,{65344: 1}
A3NLIXJWSWPR97,{65418: 4}
A14JFC91SO0UAK,{65762: 5}
AW2I08O3122CW,"{65805: 5, 69170: 5}"
ANMSMLIHFLOOS,{65811: 4}
AHAEZ1N4NUBLH,{65811: 5}
A1E5HEVC7MZZY9,{65957: 3}
A1ZRMO923RKAB0,{66435: 1}
A2N0STTLYB29AD,{66605: 3}
AODK6IDT5UTUM,{66662: 1}
A3JL2FY1HD1E41,{66843: 4}
AOAPRRDGIE9E0,{66850: 1}
A1LLATU1ESGE1K,{66899: 5}
A117NOFOL17V1U,{66907: 5}
A2TSWZ2CYI9R7F,{66916: 5}
A1L2KI68MG2I79,{66956: 3}
A2C1FVWYFV8PLC,{67119: 1}
A9G28V711V1VM,{67215: 2}
A2D2YQPDZ2I55G,{67253: 5}
A1DJ6XJ3GHXRBA,{67253: 5}
A2NFBX7LUUYMCS,{67278: 5}
A335GGQNYMPUKC,{67448: 3}
A3930YFFEIWFBA,{67611: 5}
A1WQCCIEQ65E9I,{67684: 4}
AX2B0YY5CGM81,{67868: 5}
A3U8CB1OTDI0AP,{67874: 4}
A2XJGXGEP4SUMT,{68072: 1}
AEWT036SN13NJ,{68080: 1}
A27SQOZBAEIJTX,{68185: 4}
A19KJ9V6Y9CUAW,{68308: 4}
AA5UNNOI7OETJ,{68667: 5}
A276FG0XPT31AC,{68730: 1}
AJVPEQPFB4P4Y,{68730: 1}
AV6RPA2PZ0NV9,{68732: 2}
ADQ7S0ZD7ST0U,{68795: 5}
A2EL7CXQHAU0M0,{68795: 5}
AKAIEU2V3KP1L,{68836: 4}
A1A5C7PHEQJL76,{68978: 5}
A2TME42JRRJ6X5,{69021: 1}
A21074J0M8XSED,{69026: 4}
A278MPPHGCREYH,{69161: 5}
A22T2LUNS8SCGE,{69171: 5}
AWOH6ZWM2TJ7J,{69362: 5}
A1P7JQNO0OT529,{69362: 5}
AP5E03OKPSAOX,{69430: 4}
A2XVWNPD4KEP1F,{69606: 1}
